,Category,Rating,Name,Review_number,Price,Label,Released,Duration,WR
46061,Pop,5.0,BTS: The Most Beautiful Moment In Life Pt. 1 - Music on Google Play,4010.0,7.9, ÔçìÒ„îÒ„îÕ‹ÁÕƒëÒùŸÔÂ_Õ_Ÿ   ,2015.0,2:03,4.96676972267
36632,Pop,5.0,"BTS: The Most Beautiful Moment In Life, Pt. 2 - Music on Google Play",3784.0,10.4, Big Hit Entertainment   ,2015.0,2:16,4.96501667816
36567,Pop,5.0,"BTS: The Most Beautiful Moment In Life, Pt. 2 - Music on Google Play",3783.0,10.4, Big Hit Entertainment   ,2015.0,2:16,4.96500851021
41426,Asia,5.0,BTS: DARK&WILD - Music on Google Play,3326.0,11.4, ÔçìÒ„îÒ„îÕ‹ÁÕƒëÒùŸÔÂ_Õ_Ÿ   ,2014.0,2:45,4.96082892034
9382,Hip-Hop/Rap,5.0,BIGBANG: MADE - Music on Google Play,1222.0,6.9, YG Entertainment   ,2016.0,3:51,4.91296832127
53079,Alt Metal,4.9,Slipknot: .5: The Gray Chapter (Special Edition) - Music on Google Play,10271.0,12.4, Roadrunner Records   ,2014.0,3:10,4.89072801497
8408,Pop,4.9,Melanie Martinez: Cry Baby (Deluxe) - Music on Google Play,9091.0,11.4, Atlantic Records   ,2015.0,3:59,4.88958726402
28555,Alternative/Indie,4.9,Panic! At The Disco: Death Of A Bachelor - Music on Google Play,6532.0,7.9, Decaydance / Fueled By Ramen   ,2016.0,2:58,4.88579798766
32723,Contemporary R&B,4.9,The Weeknd: Trilogy - Music on Google Play,6067.0,17.9, Republic Records   ,2012.0,4:07,4.88479236321
22324,Metalcore,4.9,Bring Me The Horizon: Sempiternal - Music on Google Play,5843.0,9.4, Epitaph   ,2013.0,3:47,4.88425531282
46847,'00s Rock,4.9,Three Days Grace: One-X - Music on Google Play,5419.0,9.4, Jive   ,2006.0,4:09,4.88312746228
50717,'10s Alternative,4.9,Pierce The Veil: Collide with the Sky - Music on Google Play,5370.0,5.9, Fearless Records   ,2012.0,1:21,4.88298661827
25135,Alt Metal,4.9,Avenged Sevenfold: Nightmare - Music on Google Play,5178.0,10.4, Warner Bros.   ,2010.0,6:14,4.88241131547
8410,Pop,4.9,Melanie Martinez: Cry Baby - Music on Google Play,4081.0,9.4, Atlantic Records   ,2015.0,3:59,4.87819939953
35308,Hip-Hop/Rap,4.9,2pac: All Eyez On Me - Music on Google Play,3531.0,15.4, eOne Music   ,1996.0,4:38,4.87522486957
35309,Vocal/Easy Listening,4.9,Pentatonix: Pentatonix (Deluxe Version) - Music on Google Play,3277.0,12.4, RCA Records Label   ,2015.0,2:35,4.87355876336
33323,'10s Pop,5.0,Jack & Jack: Cold Hearted - Music on Google Play,685.0,0.9,,,3:09,4.87352864914
17342,Pop,4.9,Harry Styles: Sign of the Times - Music on Google Play,3114.0,1.2, Columbia   ,2017.0,5:40,4.87236620067
39304,Alt Christian,4.9,Skillet: Comatose - Music on Google Play,3059.0,9.4, Lava / Atlantic   ,2006.0,3:53,4.87193915404
2089,Pop,4.9,EXO: The 2nd Album Repackage äóÖLOVE ME RIGHTäó» - Music on Google Play,2794.0,11.4, SM Entertainment   ,2015.0,3:25,4.86968167858
22317,Metalcore,4.9,Bring Me The Horizon: Sempiternal (Deluxe Edition) - Music on Google Play,2370.0,12.4, Epitaph   ,2013.0,3:47,4.86520259555
24490,Contemporary R&B,4.9,Jhení© Aiko: Souled Out (Deluxe) - Music on Google Play,2346.0,9.4, Def Jam Recordings   ,2014.0,4:19,4.86490915293
25132,'10s Pop,4.9,Lana Del Rey: Born To Die - The Paradise Edition - Music on Google Play,2286.0,14.4, Interscope   ,2012.0,4:45,4.86415342758
34597,Pop,4.9,"Pentatonix: PTX, Vol. 2 - Music on Google Play",2268.0,7.9, RCA Records Label   ,2013.0,3:18,4.86392032125
5006,Pop,4.9,"Pentatonix: PTX, Vol. III - Music on Google Play",2229.0,5.9, RCA Records Label   ,2014.0,2:28,4.8634047084
9394,Asia,5.0,BIGBANG: D - Music on Google Play,595.0,2.4, YG Entertainment   ,2015.0,4:24,4.86313374359
12963,Alternative/Indie,4.9,Panic! At The Disco: Vices & Virtues - Music on Google Play,1944.0,9.4, Decaydance / Fueled By Ramen   ,2011.0,3:46,4.85913725418
21282,Emo/Hardcore,4.9,Falling In Reverse: The Drug In Me Is You - Music on Google Play,1929.0,9.9, Epitaph   ,2011.0,3:24,4.85888491117
28559,Classic Metal,4.9,Ozzy Osbourne: Blizzard Of Ozz (Expanded Edition) - Music on Google Play,1865.0,9.4, Epic / Legacy   ,1980.0,5:16,4.85777228297
21289,'00s Alternative,4.9,Paramore: Brand New Eyes - Music on Google Play,1821.0,9.4, Fueled By Ramen   ,2009.0,3:50,4.85697175753
22886,Hip-Hop/Rap,4.9,Wu-Tang Clan: Enter The Wu-Tang - Music on Google Play,1719.0,9.4, RCA Records Label   ,1993.0,4:11,4.8549938933
48074,Metal,4.9,Metallica: Master Of Puppets - Music on Google Play,1717.0,9.4, Blackened Recordings   ,1986.0,5:12,4.85495329239
51803,Pop,4.9,Michael Jackson: Michael Jackson's This Is It - Music on Google Play,1659.0,10.4, Epic   ,2009.0,6:02,4.85374314462
21292,Alternative/Indie,4.9,Linkin Park: Hybrid Theory (Bonus Track Version) - Music on Google Play,1650.0,11.4, Warner Bros.   ,2000.0,3:04,4.85354951127
7837,Alternative/Indie,4.9,The Neighbourhood: Wiped Out! - Music on Google Play,1597.0,9.4, Columbia   ,2015.0,0:30,4.85237551227
13601,International Hip-Hop,4.9,SpongeBOZZ: Started from the Bottom / KrabbenKoke Tape (Deluxe Edition) - Music on Google Play,1547.0,11.4, Bikini Bottom Mafia   ,2017.0,9:05,4.85121223704
5000,Christian/Gospel,4.9,Casting Crowns: Thrive - Music on Google Play,1512.0,9.4, Reunion Records   ,2014.0,5:05,4.85036354335
22323,Classic Metal,4.9,Led Zeppelin: Led Zeppelin II (Remastered) - Music on Google Play,1491.0,9.4, Atlantic Records   ,1969.0,5:34,4.84984000463
27355,Hip-Hop/Rap,4.9,Jack & Jack: Calibraska - Music on Google Play,1478.0,3.9, Jack & Jack Music   ,2015.0,3:16,4.84951033834
50710,Metalcore,4.9,Asking Alexandria: Reckless & Relentless - Music on Google Play,1471.0,9.4, Sumerian Records   ,2011.0,1:49,4.84933102447
32171,Hard Rock,4.9,Hollywood Undead: American Tragedy ((Deluxe Edition)) - Music on Google Play,1468.0,11.4, A&M / Octone Records   ,2011.0,3:23,4.84925378518
42409,Holiday,4.9,Pentatonix: PTXmas (Deluxe Edition) - Music on Google Play,1463.0,7.9, RCA Records Label   ,2013.0,3:41,4.84912452839
13589,Hip-Hop/Rap,4.9,Jon Bellion: The Human Condition - Music on Google Play,1300.0,7.9, Capitol Records (CAP)   ,2016.0,4:01,4.84451747179
23105,Christian/Gospel,4.9,Hillsong Young & Free: We Are Young & Free (Live) (Live) - Music on Google Play,1286.0,9.4, Hillsong   ,2013.0,3:34,4.84408255836
28560,Pop,4.9,4Minute: Crazy - Music on Google Play,1271.0,5.9, Decca International   ,2015.0,3:11,4.84360894931
10665,Alt Metal,4.9,Bullet For My Valentine: Fever - Music on Google Play,1256.0,12.4, Jive   ,2010.0,4:51,4.84312724899
5001,Rock,4.9,Thousand Foot Krutch: The End Is Where We Begin - Music on Google Play,1253.0,9.4,,,1:00,4.8430299197
17709,Dance/Electronic,4.9,BLACKPINK: SQUARE ONE - Music on Google Play,1177.0,2.4, YG Entertainment   ,2016.0,3:31,4.84044809137
55618,Soundtracks,4.9,Various Artists: Burlesque (Original Motion Picture Soundtrack) - Music on Google Play,1129.0,9.4, RCA Records Label   ,2010.0,3:04,4.838693339
9397,Asia,4.9,BIGBANG: A - Music on Google Play,1124.0,2.4, YG Entertainment   ,2015.0,3:40,4.83850458696
12085,Pop,4.9,Prince: The Hits/The B-Sides - Music on Google Play,1092.0,23.9, Warner Bros.   ,1993.0,3:48,4.83726849826
53091,Hip-Hop/Rap,4.9,Bone Thugs-n-Harmony: E. Eternal 1999 - Music on Google Play,1066.0,9.4, Ruthless Records   ,1995.0,4:25,4.83622697907
8397,Hard Rock,4.9,Tenacious D: The Pick Of Destiny - Music on Google Play,1044.0,9.4, Epic   ,2006.0,4:14,4.83531829613
23319,'00s Alternative,4.9,Paramore: All We Know Is Falling - Music on Google Play,1017.0,9.4, Fueled By Ramen / ADA / ATL   ,2005.0,3:13,4.83416707266
58088,Hip-Hop/Rap,4.9,Flatbush Zombies: 3001: A Laced Odyssey - Music on Google Play,994.0,9.4, Glorious Dead Recordings   ,2016.0,6:03,4.83315358047
49954,'00s Alternative,4.9,A Day To Remember: Homesick - Music on Google Play,974.0,9.4, Victory   ,2009.0,3:29,4.83224657342
24362,Christian/Gospel,4.9,Bethel Music: You Make Me Brave (Live) - Music on Google Play,950.0,9.4,,,6:06,4.8311251374
48072,Rock,4.9,Guns N' Roses: Use Your Illusion II - Music on Google Play,931.0,5.9, Geffen   ,1991.0,7:42,4.83021065634
23907,Hard Rock,4.9,Shinedown: The Sound of Madness (Deluxe) - Music on Google Play,895.0,15.4, Atlantic Records   ,2008.0,3:49,4.82840964102
39756,Metal,4.9,Iron Maiden: Piece of Mind (1998 Remastered Version) - Music on Google Play,860.0,9.4, Sanctuary Records   ,1983.0,6:10,4.82656724208
48501,Country,4.9,George Strait: The Cowboy Rides Away: Live From AT&T Stadium - Music on Google Play,838.0,9.4, MCA Nashville   ,2014.0,3:27,4.82535982752
6563,'10s Alternative,4.9,The Cab: Symphony Soldier - Music on Google Play,828.0,7.9, Republic Records   ,2011.0,3:41,4.82479777803
54092,Classic Metal,4.9,Led Zeppelin: Celebration Day - Music on Google Play,818.0,9.4, Rhino Atlantic   ,2012.0,3:11,4.82422719972
22320,Metalcore,4.9,Bring Me The Horizon: There is a Hell Believe Me I've Seen It. There is a Heaven Let's Keep it a Secret - Music on Google Play,811.0,9.4, Epitaph   ,2010.0,6:19,4.82382261573
1032,Hard Rock,4.9,AC/DC: Dirty Deeds Done Dirt Cheap - Music on Google Play,806.0,9.4, Epic / Legacy   ,1976.0,3:51,4.82353097184
16023,Comedy/SpokenWord/Other,4.9,Jon Cozart: After Ever After - Music on Google Play,803.0,0.9, Jon Cozart   ,2013.0,4:08,4.82335491115
9741,Asia,4.9,BIGBANG: M - Music on Google Play,774.0,2.4, YG Entertainment   ,2015.0,3:39,4.82161024272
3533,'90s Alternative,4.9,Pearl Jam: Rearviewmirror: Greatest Hits 1991-2003 - Music on Google Play,766.0,14.4, Epic   ,2004.0,3:16,4.82111488881
55389,Pop,4.9,Shawn Mendes: Live At Madison Square Garden - Music on Google Play,735.0,9.4, Island Records   ,2016.0,3:56,4.8191347767
6564,Hard Rock,4.9,Five Finger Death Punch: War Is The Answer - Music on Google Play,721.0,10.4, PROSPECT PARK (PPK)   ,2009.0,2:54,4.81820757513
56352,Singer-Songwriter,4.9,Tori Kelly: Foreword - Music on Google Play,708.0,5.2, Tori Kelly   ,2013.0,2:21,4.81732735863
48884,Rock,4.9,Starset: Vessels - Music on Google Play,701.0,9.4, Razor & Tie   ,2017.0,1:07,4.8168455031
6565,Pop,4.9,Lady Gaga: Bad Romance - Music on Google Play,700.0,1.2, Interscope   ,2009.0,4:54,4.81677620769
49048,Rock,4.9,Starset: Vessels - Music on Google Play,700.0,9.4, Razor & Tie   ,2017.0,1:07,4.81677620769
7842,Progressive/Art Rock,4.9,Serj Tankian: Elect The Dead - Music on Google Play,697.0,11.4, Reprise / Serjical Strike   ,2007.0,3:50,4.81656762676
52925,Alt Metal,4.9,Slipknot: The Negative One - Music on Google Play,689.0,1.2, Roadrunner Records   ,2014.0,5:25,4.81600626512
13951,Classic Rock,4.9,Pink Floyd: The Wall - Music on Google Play,684.0,16.4, Pink Floyd Records   ,1979.0,3:18,4.81565156185
40475,'00s Alternative,4.9,Fall Out Boy: Believers Never Die (Greatest Hits) - Music on Google Play,675.0,5.9, Island Records   ,2009.0,3:15,4.8150054887
38136,Alternative/Indie,5.0,Our Last Night: Younger Dreams - Music on Google Play,309.0,10.4, Our Last Night   ,2015.0,3:59,4.81474839212
9383,Pop,5.0,BIGBANG: ALIVE - Music on Google Play,308.0,8.9, YG Entertainment   ,2012.0,0:47,4.81451912033
9390,Pop,5.0,BIGBANG: Special Edition 'Still Alive' - Music on Google Play,306.0,10.4, YG Entertainment   ,2012.0,3:16,4.81405887001
34231,Asia,4.9,SHINee: Married To The Music - The 4th Album Repackage - Music on Google Play,662.0,11.4, SM Entertainment   ,2015.0,3:34,4.81405460347
44948,Asia,5.0,MONSTA X: THE CLAN pt.2 <GUILTY> - Music on Google Play,305.0,7.7,,,3:38,4.81382788724
21815,Pop,4.9,Lukas Rieger: Side by Side - Music on Google Play,658.0,1.2, Jetpack Music   ,2017.0,3:07,4.81375772818
59153,Alternative/Indie,4.9,Gorillaz: Humanz - Music on Google Play,647.0,12.4, Parlophone UK   ,2017.0,0:24,4.81293064449
17705,Rock,4.9,Led Zeppelin: Mothership (Remastered) - Music on Google Play,646.0,14.4, Rhino Atlantic   ,2007.0,2:47,4.81285466774
34605,Dance/Electronic,4.9,Alina Baraz: Urban Flora EP - Music on Google Play,635.0,7.9," Ultra Records, LLC   ",2015.0,4:13,4.81201008743
57563,Alternative/Indie,4.9,Oh Wonder: Oh Wonder - Music on Google Play,624.0,5.9, Oh Wonder   ,2015.0,3:23,4.81114897618
6568,Pop,5.0,Shawn Mendes: Illuminate (Deluxe) - Music on Google Play,284.0,12.4, Island Records   ,2017.0,3:19,4.80884113422
23912,Hard Rock,4.9,Breaking Benjamin: Shallow Bay: The Best Of Breaking Benjamin Deluxe Edition (Explicit) - Music on Google Play,583.0,13.4, Hollywood Records   ,2011.0,2:56,4.80778527168
17694,Asia,4.9,BLACKPINK: Square Two - Music on Google Play,572.0,3.8, YG Entertainment   ,2016.0,3:17,4.80683903846
8393,'10s Hip-Hop,4.9,Eminem: The Marshall Mathers LP2 (Deluxe) - Music on Google Play,570.0,12.4, Aftermath / Interscope / Shady   ,2013.0,7:14,4.80666490582
27960,Alternative/Indie,4.9,Simple Plan: Still Not Getting Any - Music on Google Play,558.0,9.4, Atlantic Records   ,2004.0,3:02,4.80560628471
10132,Dance/Electronic,4.9,Alan Walker: Alone - Music on Google Play,546.0,1.9, MER Musikk   ,2016.0,2:41,4.80452337402
4996,Rock,4.9,The Beatles: Let It Be (Remastered) - Music on Google Play,521.0,12.4, EMI Catalogue   ,1970.0,3:36,4.80218555262
13968,'10s Alternative,4.9,The 1975: The 1975 (Deluxe Version) - Music on Google Play,520.0,17.4, Interscope   ,2013.0,1:19,4.80208965611
31769,'10s Pop,4.9,New Kids On The Block: 10 - Music on Google Play,505.0,10.4,,,3:20,4.80062830769
22312,Rock,4.9,Bring Me The Horizon: Happy Song - Music on Google Play,499.0,1.2, RCA Records Label   ,2015.0,3:59,4.80003148071
14767,Pop,5.0,Lea Michele: Places - Music on Google Play,249.0,9.4, Columbia   ,2017.0,3:35,4.79990847694
48088,Contemporary R&B,4.9,Toni Braxton: Toni Braxton - Music on Google Play,495.0,9.4, Arista / LaFace Records   ,1993.0,5:01,4.79962959721
16037,Hip-Hop/Rap,4.9,Ayo & Teo: Rolex - Music on Google Play,492.0,1.2, Columbia   ,2017.0,3:58,4.79932605769
23328,Hard Rock,4.9,Breaking Benjamin: Phobia - Music on Google Play,490.0,9.4, Hollywood Records   ,2006.0,1:13,4.79912267599
55134,Pop,4.9,4Minute: Volume Up - Music on Google Play,488.0,6.9,,,1:45,4.79891847088
34603,Contemporary R&B,4.9,New Edition: Heart Break - Music on Google Play,488.0,7.9, Geffen   ,1988.0,1:04,4.79891847088
49274,Hip-Hop/Rap,4.8,Wiz Khalifa: Furious 7: Original Motion Picture Soundtrack - Music on Google Play,31581.0,1.2, Atlantic Records   ,2015.0,3:49,4.79844554251
5720,'10s Hip-Hop,4.8,Eminem: The Marshall Mathers LP2 (Deluxe) - Music on Google Play,30051.0,12.4, Aftermath / Interscope / Shady   ,2013.0,7:14,4.79836769498
24093,Rock,4.9,Three Days Grace: The Collection - Music on Google Play,478.0,18.9, Jive / Legacy   ,2014.0,4:27,4.79788491741
5977,Hip-Hop/Rap,4.8,Eminem: The Marshall Mathers LP2 - Music on Google Play,18245.0,9.4, Aftermath / Interscope / Shady   ,2013.0,7:14,4.79733963453
19498,'00s Rock,4.8,Evanescence: Fallen - Music on Google Play,17400.0,9.4, The Bicycle Music Company   ,2003.0,3:34,4.79721404744
4185,Reggae,4.8,Bob Marley & The Wailers: Legend (Remastered) - Music on Google Play,15268.0,11.4, Tuff Gong   ,1984.0,3:50,4.79683735726
23316,Electropop,4.9,Against The Current: In Our Bones - Music on Google Play,467.0,7.9, Fueled By Ramen   ,2016.0,3:42,4.79672331875
31766,'10s Alternative,4.9,Sum 41: Screaming Bloody Murder - Music on Google Play,466.0,7.9, Island Records   ,2011.0,3:28,4.79661640707
21826,Alternative/Indie,4.8,Linkin Park: Hybrid Theory (U.S. Version) - Music on Google Play,11440.0,10.4, Warner Bros.   ,2000.0,3:04,4.79582340446
14779,Country,4.9,Chris Young: Neon - Music on Google Play,457.0,9.4, RCA Records Label Nashville   ,2011.0,2:38,4.79564414757
13,Hard Rock,4.8,AC/DC: Back In Black - Music on Google Play,10576.0,9.4, Epic / Legacy   ,1980.0,5:12,4.79549760286
44422,Pop,4.8,Fifth Harmony: 7/27 (Deluxe) - Music on Google Play,10528.0,12.4, Syco Music / Epic   ,2016.0,3:24,4.79547800591
47223,Contemporary R&B,4.8,Chris Brown: X (Deluxe Version) - Music on Google Play,9953.0,14.4, RCA Records Label   ,2014.0,4:20,4.79522925947
24323,Alt Metal,4.8,Linkin Park: Meteora - Music on Google Play,9757.0,10.4, Warner Bros.   ,2003.0,0:13,4.79513809586
24091,Alt Metal,4.8,Linkin Park: Meteora - Music on Google Play,9756.0,10.4, Warner Bros.   ,2003.0,0:13,4.7951376218
25125,'10s Pop,4.8,Lana Del Rey: Born To Die - Music on Google Play,9576.0,5.9, Interscope   ,2012.0,4:46,4.79505075915
16045,Alternative/Indie,4.8,Twenty One Pilots: Heathens - Music on Google Play,9399.0,1.2, Atlantic Records   ,2016.0,3:15,4.79496226379
19770,Country,4.9,Granger Smith: Dirt Road Driveway - Music on Google Play,449.0,9.4, Pioneer Music   ,2013.0,3:27,4.79476443543
1590,'80s Pop,4.8,Prince & The Revolution: Purple Rain - Music on Google Play,9019.0,9.4, Rhino / Warner Bros.   ,1984.0,4:40,4.79476115655
35811,Hip-Hop Hitmakers,4.8,Eminem: The Eminem Show - Music on Google Play,8567.0,9.4, Aftermath   ,2002.0,0:29,4.7944999944
23315,Alternative/Indie,4.9,Against The Current: Gravity - Music on Google Play,445.0,6.9, mudhutdigital.com   ,2015.0,3:42,4.79431899389
4166,Teen Pop,4.8,5 Seconds Of Summer: 5 Seconds Of Summer - Music on Google Play,7963.0,11.4, Capitol Records   ,2014.0,3:22,4.7941074618
33785,Contemporary R&B,4.9,Stormzy: Gang Signs & Prayer - Music on Google Play,442.0,10.4, #Merky Records   ,2017.0,3:27,4.79398243018
27372,Pop,4.9,Red Velvet: The 1st Mini Album 'Ice Cream Cake' - Music on Google Play,440.0,11.4, SM Entertainment   ,2015.0,3:11,4.79375686088
10135,Contemporary R&B,4.9,Jodeci: Diary Of A Mad Band - Music on Google Play,438.0,6.9, Geffen   ,1993.0,5:02,4.79353032967
53101,International Hip-Hop,4.8,PNL: Dans la lí©gende - Music on Google Play,7097.0,11.4, QLF Records   ,2016.0,3:50,4.79343575743
29519,Pop,4.9,Hurts: Exile (Deluxe) - Music on Google Play,436.0,10.4, Major Label Records   ,2013.0,4:16,4.79330283037
37083,Alternative/Indie,4.8,Gorillaz: Demon Days - Music on Google Play,6477.0,9.4, Parlophone UK   ,2005.0,1:07,4.79285243647
37068,Hard Rock,4.8,Guns N' Roses: Appetite For Destruction - Music on Google Play,6375.0,5.9, Geffen   ,1987.0,4:33,4.79274639261
6573,Pop,4.8,"Michael Jackson: HIStory - PAST, PRESENT AND FUTURE - BOOK I - Music on Google Play",6078.0,14.4, Epic   ,1995.0,4:54,4.7924188886
25124,Hip-Hop Hitmakers,4.8,J. Cole: Born Sinner - Music on Google Play,6050.0,13.4, Roc Nation / Columbia   ,2013.0,5:07,4.7923864808
30945,Rock,4.9,Shinedown: Cut The Cord - Music on Google Play,428.0,1.2, Atlantic Records   ,2015.0,3:44,4.79238302719
21296,Alternative/Indie,4.8,Lana Del Rey: Honeymoon - Music on Google Play,5841.0,9.4, Interscope   ,2015.0,5:50,4.79213553844
4179,Pop,4.8,Ed Sheeran: í‡ (Deluxe) - Music on Google Play,5667.0,12.4, Atlantic Records UK   ,2017.0,3:47,4.79191364508
4172,Praise & Worship,4.9,Bethel Music: We Will Not Be Shaken (Live) - Music on Google Play,421.0,9.4, Bethel Music   ,2015.0,5:32,4.79156509145
15353,Hard Rock,4.8,AC/DC: Highway to Hell - Music on Google Play,5406.0,9.4, Epic / Legacy   ,1979.0,3:28,4.79155629008
39759,Hard Rock,4.8,AC/DC: The Razors Edge - Music on Google Play,5256.0,9.4, Epic   ,1990.0,4:52,4.791336249
32156,Alternative/Indie,4.9,Foster The People: Coming of Age - Music on Google Play,418.0,1.2, Columbia   ,2014.0,4:40,4.79121072901
49593,Christian/Gospel,4.9,Royal Tailor: Royal Tailor - Music on Google Play,417.0,9.4, Essential Records   ,2013.0,4:06,4.79109209294
49126,Dance/Electronic,4.9,"Martin Garrix, Matisse & Sadko: Break Through The Silence EP - Music on Google Play",415.0,4.8, Spinnin' Records   ,2015.0,4:43,4.79085404287
48071,Alt Metal,4.8,Slipknot: .5: The Gray Chapter - Music on Google Play,4852.0,10.4, Roadrunner Records   ,2014.0,3:10,4.79068225882
32719,Alternative/Indie,4.8,Halsey: BADLANDS (Deluxe) - Music on Google Play,4801.0,11.4, Astralwerks (ASW)   ,2015.0,4:37,4.79059261446
23307,Rock,4.8,Thirty Seconds to Mars: Love Lust Faith + Dreams - Music on Google Play,4714.0,5.9, Virgin   ,2013.0,2:07,4.79043564427
13958,Hip-Hop/Rap,4.8,Eminem: The Marshall Mathers LP - Music on Google Play,4692.0,10.4, Interscope   ,2000.0,0:27,4.79039511734
7836,'10s Pop,4.8,Lana Del Rey: Ultraviolence - Music on Google Play,4579.0,5.9, Interscope   ,2014.0,6:39,4.79018142336
20494,'90s Alternative,4.8,Nirvana: MTV Unplugged In New York - Music on Google Play,4469.0,5.9, Geffen   ,1994.0,3:37,4.78996406706
20752,'90s Alternative,4.8,Nirvana: MTV Unplugged In New York - Music on Google Play,4468.0,5.9, Geffen   ,1994.0,3:37,4.78996204695
23330,Hard Rock,4.8,Breaking Benjamin: Dark Before Dawn - Music on Google Play,4394.0,9.4, Hollywood Records   ,2015.0,2:10,4.78981026752
17334,Hip-Hop/Rap,4.8,Kendrick Lamar: DAMN. - Music on Google Play,4340.0,9.4, Top Dawg Entertainment / Aftermath Records/ Interscope Records   ,2017.0,1:58,4.78969658042
21283,Pop,4.9,Whitney Houston: The Preacher's Wife: Original Soundtrack Album - Music on Google Play,405.0,9.4, Arista   ,1996.0,4:01,4.7896480102
37084,'90s Pop,4.8,Michael Jackson: Dangerous - Music on Google Play,4281.0,9.4, Epic / Legacy   ,1991.0,5:38,4.78956943092
50340,Hip-Hop/Rap,4.8,G-Eazy: These Things Happen - Music on Google Play,4280.0,9.4, BPG / RVG / RCA Records   ,2014.0,2:24,4.78956724879
21818,'00s Rock,4.9,Lifehouse: No Name Face - Music on Google Play,403.0,4.9, DreamWorks Geffen   ,2000.0,3:36,4.78940359826
46692,Christian/Gospel,4.9,Michael W. Smith: Worship - Music on Google Play,401.0,9.4, Reunion Records   ,2001.0,5:49,4.78915810125
21287,Rock,4.8,Hollywood Undead: Day Of The Dead (Deluxe Version) - Music on Google Play,3937.0,13.4, Interscope Records   ,2015.0,3:47,4.78876075033
46858,Alt Metal,4.8,System Of A Down: Toxicity - Music on Google Play,3899.0,9.4, American   ,2001.0,3:21,4.78866366202
28557,Praise & Worship,5.0,Newsboys: Love Riot - Music on Google Play,209.0,9.4, Fair Trade / Columbia   ,2016.0,3:02,4.78861981555
40870,Soundtracks,4.9,David Bowie & Trevor Jones: Labyrinth - Music on Google Play,395.0,9.4, EMI Gold   ,1986.0,3:21,4.78841502707
38663,West Coast Hip-Hop,4.8,Snoop Dogg: Doggystyle - Music on Google Play,3756.0,9.4, Death Row Records   ,1993.0,1:50,4.78828276533
15784,Metal,4.9,Judas Priest: British Steel - Music on Google Play,389.0,9.4, Sony Music UK   ,1980.0,4:08,4.78766192264
44940,Contemporary R&B,4.8,Bryson Tiller: T R A P S O U L - Music on Google Play,3507.0,9.4, TrapSoul   ,2015.0,1:31,4.78755464168
37065,Hair Metal,4.8,Guns N' Roses: Greatest Hits - Music on Google Play,3374.0,12.4, GEFFEN   ,2004.0,4:31,4.78712737461
18330,Classic Metal,4.8,Black Sabbath: Paranoid (Remastered Edition) - Music on Google Play,3366.0,9.4, Rhino / Warner Bros.   ,1970.0,7:54,4.787100737
13244,Hip-Hop/Rap,4.8,Kendrick Lamar: Section.80 - Music on Google Play,3268.0,9.4, Top Dawg Entertainment / Section.80   ,2011.0,3:44,4.78676524661
34599,'00s Pop,4.8,Michael Jackson: Invincible - Music on Google Play,3212.0,9.4, Epic   ,2001.0,6:25,4.78656558438
7267,Alt Christian,4.8,Skillet: Unleashed - Music on Google Play,2976.0,9.4, Atlantic Records   ,2016.0,3:49,4.78565346641
36130,Hip-Hop/Rap,4.8,"Kendrick Lamar: good kid, m.A.A.d city (Deluxe) - Music on Google Play",2914.0,11.4, Aftermath   ,2012.0,4:33,4.78539292596
44444,Hard Rock,4.8,Guns N' Roses: Use Your Illusion I - Music on Google Play,2911.0,9.4, Geffen   ,1991.0,3:02,4.78538007893
7822,'00s Pop,4.8,Amy Winehouse: Back To Black - Music on Google Play,2886.0,9.4, Universal Records   ,2006.0,3:34,4.78527213503
46845,Rock,5.0,X JAPAN: Blue Blood - Music on Google Play,197.0,9.4, Sony Music Labels Inc.   ,1989.0,2:35,4.78498055843
21831,Alternative/Indie,4.9,Florence + The Machine: Songs From Final Fantasy XV - Music on Google Play,368.0,2.9, Universal Records   ,2016.0,5:48,4.78494406593
20485,'90s Alternative,4.8,Green Day: Dookie - Music on Google Play,2801.0,9.4, Reprise   ,1994.0,2:07,4.78489289586
49267,Dance/Electronic,5.0,Tobu: Hope - Music on Google Play,196.0,0.9, Tobu   ,2014.0,4:48,4.78467162245
13237,Electropop,4.9,f(x): 4 Walls - The 4th Album - Music on Google Play,363.0,11.4, SM Entertainment   ,2015.0,3:27,4.78427746145
55606,Pop,4.9,New Kids On The Block: Greatest Hits - Music on Google Play,363.0,9.4, Columbia / Legacy   ,2008.0,4:27,4.78427746145
32177,Contemporary R&B,4.9,The Weeknd: House Of Balloons - Music on Google Play,360.0,9.4, Universal Republic Records   ,2011.0,4:07,4.78387377817
14774,Alt Metal,4.8,Five Finger Death Punch: The Wrong Side Of Heaven And The Righteous Side Of Hell (Volume 1) - Music on Google Play,2583.0,10.4, PROSPECT PARK (PPK)   ,2013.0,4:06,4.78382466728
55388,Metalcore,4.9,August Burns Red: Rescue & Restore - Music on Google Play,359.0,10.4, Solid State Records   ,2013.0,4:40,4.78373859049
22883,Metalcore,4.8,Bring Me The Horizon: Drown - Music on Google Play,2565.0,1.2, Epitaph   ,2014.0,3:41,4.78372967348
27034,Hard Rock,4.8,Hollywood Undead: Swan Songs - Music on Google Play,2540.0,5.9, A&M / Octone Records   ,2008.0,4:25,4.78359587146
26690,Alternative/Indie,4.9,Never Shout Never: What Is Love? - Music on Google Play,357.0,7.9, Loveway Records   ,2010.0,2:28,4.78346726864
9755,Punk,4.8,Green Day: Revolution Radio - Music on Google Play,2499.0,10.4, Reprise   ,2016.0,4:09,4.78337160694
14771,Soundtracks,4.9,Various Artists: 13 Reasons Why (A Netflix Original Series Soundtrack) - Music on Google Play,356.0,9.4, Interscope Records   ,2017.0,3:04,4.78333113228
37096,Contemporary R&B,4.9,TLC: Ooooooohhh... On The TLC Tip - Music on Google Play,354.0,9.4, Arista / LaFace Records   ,1992.0,0:30,4.78305790308
5002,'00s Pop,4.8,Maroon 5: Songs About Jane - Music on Google Play,2389.0,9.4, A&M / Octone Records    ,2002.0,2:53,4.78273847325
15362,'00s Rock,4.8,Coldplay: X&Y - Music on Google Play,2368.0,9.4, Parlophone Records Limited   ,2005.0,4:47,4.78261208132
27361,Hip-Hop/Rap,4.8,2Pac: Greatest Hits - Music on Google Play,2274.0,10.4, Interscope   ,1998.0,4:23,4.78202287283
36566,Pop,4.8,R. City: Locked Away - Music on Google Play,2272.0,1.2, Kemosabe Records / RCA Records   ,2014.0,3:47,4.78200990232
29503,Industrial,4.8,Marilyn Manson: THE PALE EMPEROR (Deluxe Edition) - Music on Google Play,2266.0,13.4, Concord Loma Vista   ,2015.0,5:36,4.78197087825
40470,Rock,4.8,System Of A Down: Toxicity - Music on Google Play,2257.0,9.4, American   ,2001.0,3:21,4.78191202366
53097,Hip-Hop/Rap,4.8,Kid Cudi: Man On The Moon: The End Of Day - Music on Google Play,2236.0,9.4, G.O.O.D. / Dream On / Universal Records   ,2009.0,3:18,4.78177319051
36559,Hard Rock,4.9,AC/DC: Powerage - Music on Google Play,344.0,9.4, Epic   ,1978.0,3:37,4.78167233321
4999,Hard Rock,4.8,Nickelback: Dark Horse - Music on Google Play,2187.0,9.4, Roadrunner Records   ,2008.0,3:39,4.7814408073
1031,Pop,4.8,Shawn Mendes: Handwritten (Revisited) - Music on Google Play,2079.0,11.4, Island Records   ,2015.0,3:34,4.78066360963
26642,Instrumental Hip-Hop,4.8,Gorillaz: Humanz (Deluxe) - Music on Google Play,2077.0,14.4, Parlophone UK   ,2017.0,0:24,4.78064860273
29220,Instrumental Hip-Hop,4.8,Gorillaz: Humanz (Deluxe) - Music on Google Play,2075.0,14.4, Parlophone UK   ,2017.0,0:24,4.78063357252
46060,Dance/Electronic,4.8,Galantis: Runaway (U & I) - Music on Google Play,2057.0,1.2, Big Beat Records / Atlantic   ,2014.0,3:47,4.78049724256
15371,'10s Rock,4.9,Marianas Trench: Ever After - Music on Google Play,333.0,11.4, 604 Records Inc.   ,2011.0,6:34,4.78010978299
52097,'90s Alternative,4.9,Nirvana: Live At Reading (1992) - Music on Google Play,332.0,11.4, GEFFEN   ,2009.0,3:12,4.77996568417
46443,Thrash,4.8,Bullet For My Valentine: Venom (Deluxe Edition) - Music on Google Play,1929.0,12.4, RCA Records Label   ,2015.0,1:26,4.77946951389
17710,'00s Alternative,4.8,Muse: Black Holes And Revelations  - Music on Google Play,1915.0,10.4, Warner Bros.   ,2006.0,4:35,4.77935049657
40485,Hip-Hop/Rap,4.9,Speaker Knockerz: Finesse Father - Music on Google Play,327.0,9.4,,,1:03,4.77923996279
2726,Contemporary R&B,4.8,Alessia Cara: Know-It-All (Deluxe) - Music on Google Play,1894.0,9.4," EP Entertainment, LLC / Def Jam   ",2015.0,3:32,4.77916936058
49956,Rock,4.9,Marianas Trench: Astoria - Music on Google Play,326.0,16.4, 604 Records   ,2014.0,6:57,4.7790937642
44023,'00s Alternative,4.8,blink-182: Enema Of The State - Music on Google Play,1874.0,5.9, Geffen   ,1999.0,2:23,4.77899387078
17341,Pop,4.8,Kygo & Selena Gomez: It Ain't Me - Music on Google Play,1872.0,1.2, Interscope   ,2017.0,3:40,4.77897615903
6268,'00s Pop,4.8,Lady Gaga: The Fame Monster - Music on Google Play,1854.0,9.4, Interscope   ,2009.0,4:54,4.77881539899
5978,'00s Pop,4.8,Lady Gaga: The Fame Monster - Music on Google Play,1853.0,9.4, Interscope   ,2009.0,4:54,4.77880639576
17352,Alternative/Indie,4.8,Imagine Dragons: Believer - Music on Google Play,1830.0,0.6, KIDinaKORNER / Interscope Records   ,2017.0,3:23,4.77859718851
6562,Hip-Hop/Rap,4.8,Machine Gun Kelly & Camila Cabello: Bad Things - Music on Google Play,1825.0,1.2, Bad Boy / Interscope   ,2016.0,3:59,4.77855116096
15297,World,4.8,Luan Santana: Escreve Aí_ - Music on Google Play,1819.0,0.9, Som Livre   ,2015.0,3:58,4.7784956659
1039,Hip-Hop/Rap,4.8,The Notorious B.I.G.: Ready To Die - Music on Google Play,1800.0,13.4, Bad Boy Records   ,1994.0,3:23,4.7783180214
40096,Alternative/Indie,4.8,Gorillaz: The Singles Collection 2001-2011 - Music on Google Play,1794.0,14.4, Parlophone UK   ,2011.0,3:13,4.77826131178
27,Hip-Hop/Rap,4.8,Eminem: Relapse - Music on Google Play,1747.0,11.4, Aftermath   ,2009.0,1:29,4.77780660847
2732,Hip-Hop/Rap,4.8,Eminem: Relapse: Refill - Music on Google Play,1743.0,14.4, Aftermath   ,2009.0,1:29,4.77776703042
29325,'10s Alternative,4.8,The 1975: The 1975 - Music on Google Play,1692.0,5.9, Interscope   ,2013.0,1:19,4.77724974874
11713,Alt Metal,4.8,System Of A Down: Hypnotize - Music on Google Play,1681.0,9.4, American / Columbia   ,2005.0,3:06,4.77713500652
16034,Pop,4.8,Ed Sheeran: Castle on the Hill - Music on Google Play,1669.0,1.2, Atlantic Records UK   ,2017.0,4:21,4.77700850587
50337,Hard Rock,4.8,Nickelback: Here And Now - Music on Google Play,1662.0,10.4, Roadrunner Records   ,2011.0,3:20,4.77693406532
34588,R&B/Soul,4.8,The Weeknd: Beauty Behind The Madness - Music on Google Play,1613.0,12.4, Universal Republic Records   ,2015.0,3:43,4.77639917143
40881,Emo/Hardcore,4.8,Fall Out Boy: From Under The Cork Tree - Music on Google Play,1601.0,4.9, ISLAND RECORDS   ,2005.0,3:08,4.77626437374
32167,Progressive/Art Rock,4.8,Pink Floyd: The Division Bell - Music on Google Play,1561.0,9.4, Pink Floyd Records   ,1994.0,5:55,4.77580371142
32716,'10s Rock,4.8,Foster The People: Supermodel - Music on Google Play,1554.0,9.4, Columbia   ,2014.0,4:30,4.77572125084
38953,Hip-Hop/Rap,4.8,Lil Dicky: Professional Rapper - Music on Google Play,1551.0,9.4, CMSN   ,2015.0,1:03,4.77568573829
20501,R&B/Soul,4.9,Anderson .Paak: Malibu - Music on Google Play,302.0,9.4, Steel Wool / OBE / Art Club / EMPIRE   ,2016.0,3:37,4.77547562248
42146,Pop,4.9,P!nk: Today's The Day - Music on Google Play,302.0,1.2, RCA Records Label   ,2015.0,3:44,4.77547562248
2107,R&B/Soul,4.8,Mali Music: Mali Is... - Music on Google Play,1501.0,7.9, ByStorm Entertainment / RCA Records   ,2014.0,3:24,4.77507818552
16735,Pop,4.8,Lady Gaga: The Cure - Music on Google Play,1468.0,0.6, Streamline / Interscope Records   ,2017.0,3:31,4.77466028924
6572,Pop,4.8,Michael Jackson: The Essential Michael Jackson - Music on Google Play,1451.0,16.4, Epic / Legacy   ,2005.0,2:58,4.77443949217
23332,Hard Rock,4.8,Breaking Benjamin: Dear Agony - Music on Google Play,1389.0,9.4, Hollywood Records   ,2009.0,3:16,4.77360055544
21820,Hip-Hop/Rap,4.8,ScHoolboy Q: Blank Face LP - Music on Google Play,1386.0,12.4, Schoolboy Q   ,2016.0,5:34,4.77355856269
6584,Pop,4.8,Backstreet Boys: The Hits--Chapter One - Music on Google Play,1385.0,9.4, Jive   ,2001.0,3:33,4.7735445354
32712,Alternative/Indie,4.8,Halsey: BADLANDS - Music on Google Play,1378.0,9.4, Astralwerks (ASW)   ,2015.0,4:37,4.77344592611
49595,Hip-Hop/Rap,4.9,XATAR: Original - Music on Google Play,289.0,1.2, ALLES ODER NIX RECORDS   ,2015.0,3:30,4.77342389002
25573,Alt Metal,4.9,Five Finger Death Punch: Battle Born - Music on Google Play,289.0,0.9, PROSPECT PARK (PPK)   ,2013.0,3:43,4.77342389002
14781,Folk,4.8,Ed Sheeran: í‡ - Music on Google Play,1368.0,10.4, Atlantic Records UK   ,2017.0,3:47,4.77330377368
38963,Progressive/Art Rock,4.8,Radiohead: A Moon Shaped Pool - Music on Google Play,1328.0,10.4, XL Recordings   ,2016.0,3:40,4.77271961117
41774,'00s Pop,4.8,Jason Mraz: I Won't Give Up - Music on Google Play,1309.0,1.2, Atlantic Records   ,2012.0,4:00,4.77243308415
436,Hard Rock,4.9,AC/DC: Backtracks - Music on Google Play,282.0,23.9, Columbia / Legacy   ,2009.0,4:16,4.77229085579
15367,Funk,4.8,"Earth, Wind & Fire: Greatest Hits - Music on Google Play",1298.0,10.4, Columbia / Legacy   ,1998.0,2:50,4.77226443227
32172,Contemporary R&B,4.8,Tamar Braxton: Calling All Lovers (Deluxe) - Music on Google Play,1291.0,12.4, Epic / Streamline Records   ,2015.0,3:05,4.77215602972
4160,Country,4.9,Little Big Town: Better Man - Music on Google Play,281.0,1.2, Capitol Records Nashville   ,2016.0,4:20,4.77212733576
10659,Dance/Electronic,4.8,Marshmello: Alone - Music on Google Play,1271.0,0.9, Monstercat   ,2016.0,4:33,4.77184158624
31772,Contemporary R&B,4.8,SoMo: SoMo - Music on Google Play,1269.0,7.9, Republic Records   ,2014.0,1:02,4.77180975084
1599,Alt Metal,4.8,Marilyn Manson: Antichrist Superstar - Music on Google Play,1254.0,5.9, INTERSCOPE   ,1996.0,4:17,4.77156867117
21834,New Traditional,4.8,George Strait: Best Of (Deluxe Edition) - Music on Google Play,1253.0,7.9, MCA NASHVILLE   ,2011.0,2:52,4.7715524525
43881,Classic Rock,4.8,Creedence Clearwater Revival: Chronicle: 20 Greatest Hits - Music on Google Play,1251.0,11.4, Fantasy Records   ,1976.0,4:34,4.77151995958
10666,Emo/Hardcore,4.8,Falling In Reverse: Fashionably Late [Deluxe Edition] - Music on Google Play,1250.0,12.4, Epitaph   ,2013.0,4:02,4.77150368527
5980,Classic Rock,4.8,Creedence Clearwater Revival: Chronicle: 20 Greatest Hits - Music on Google Play,1250.0,11.4, Fantasy Records   ,1976.0,4:34,4.77150368527
20480,Rock,4.8,The Beatles: Abbey Road (Remastered) - Music on Google Play,1236.0,12.4, EMI Catalogue   ,1969.0,4:19,4.77127387628
4992,Contemporary R&B,4.8,Mary J. Blige: My Life - Music on Google Play,1227.0,7.9, Geffen   ,1994.0,1:04,4.77112417442
57382,Hard Rock,4.8,Shinedown: Amaryllis - Music on Google Play,1213.0,9.4, Atlantic Records   ,2012.0,3:26,4.77088817818
30147,Dance/Electronic,4.8,Madeon: Adventure (Deluxe) - Music on Google Play,1196.0,13.4, Columbia   ,2015.0,1:20,4.77059637337
33786,Pop,4.8,Major Lazer: Cold Water - Music on Google Play,1195.0,1.2, Mad Decent PS (Bieber / Major Lazer)   ,2016.0,3:05,4.77057902609
30130,Dance/Electronic,4.8,Alesso: Forever - Music on Google Play,1194.0,9.4, Alesso / Def Jam   ,2015.0,2:20,4.77056165834
41778,Soundtracks,5.0,"Karen O: I Shall Rise (From ""Rise of the Tomb Raider"") - Music on Google Play",153.0,1.2,,,3:04,4.77049226528
30936,'90s Alternative,4.9,Nirvana: Bleach - Music on Google Play,271.0,9.4, Sub Pop Records   ,1989.0,2:54,4.77046880574
42413,Praise & Worship,4.9,Elevation Worship: Here As In Heaven - Music on Google Play,271.0,9.4, Essential Worship   ,2016.0,8:19,4.77046880574
12,Contemporary R&B,4.8,Aaliyah: Age Ain't Nothing But A Number - Music on Google Play,1167.0,9.4, Jive   ,1994.0,1:30,4.77008485257
2103,Rock,4.8,U2: U218 Singles - Music on Google Play,1156.0,9.4, Interscope   ,2006.0,4:05,4.76988614084
21290,'00s Alternative,4.8,Red Hot Chili Peppers: By The Way - Music on Google Play,1150.0,9.4, Warner Bros.   ,2002.0,3:36,4.7697766359
32729,Alt Metal,4.8,Five Finger Death Punch: American Capitalist - Music on Google Play,1143.0,12.4, Prospect Park   ,2011.0,3:28,4.76964786928
11,Hip-Hop/Rap,4.8,Zuna: Mele7 - Music on Google Play,1133.0,9.4, KMN Gang   ,2017.0,2:46,4.76946200198
9384,Asia,4.9,BIGBANG: E - Music on Google Play,258.0,2.4, YG Entertainment   ,2015.0,3:14,4.7682472945
33340,Country,4.8,Brantley Gilbert: Just As I Am (Platinum Edition) - Music on Google Play,1066.0,12.4," The Valory Music Co., LLC.   ",2015.0,3:32,4.76815545928
52099,'90s Alternative,4.9,Nirvana: With The Lights Out - Music on Google Play,257.0,27.4, GEFFEN   ,2011.0,2:58,4.76807324865
43475,Asia,5.0,SEVENTEEN & Ailee: Q&A - Music on Google Play,146.0,0.9,,,3:40,4.76800533936
12082,Pop,4.9,Jasmine Thompson: Adore - Music on Google Play,255.0,1.9, Atlantic Records   ,2015.0,3:08,4.76772377381
52622,Metal,4.8,Metallica: Metallica Through The Never (Music from the Motion Picture) - Music on Google Play,1039.0,12.4, Blackened Recordings   ,2013.0,2:01,4.76759678312
55149,Indie,4.9,Mac DeMarco: Salad Days - Music on Google Play,254.0,9.4, Captured Tracks   ,2014.0,2:25,4.76754834115
3538,Pop,4.8,OneRepublic: Oh My My - Music on Google Play,1034.0,13.4, Mosley Music / Interscope Records   ,2016.0,3:14,4.76749116638
7835,Rock,4.8,Red Hot Chili Peppers: Stadium Arcadium - Music on Google Play,1033.0,14.4, Warner Bros.   ,2006.0,4:42,4.76746996036
49965,Rock,4.8,The Killers: Hot Fuss - Music on Google Play,1033.0,5.9, ISLAND RECORDS   ,2004.0,4:03,4.76746996036
8395,Classic Rock,4.8,Janis Joplin: Janis Joplin's Greatest Hits - Music on Google Play,1028.0,10.4, Columbia / Legacy   ,1973.0,4:13,4.76736351389
11712,Country,4.8,Chris Young: A.M. - Music on Google Play,1027.0,11.4, RCA Records Label Nashville   ,2013.0,3:08,4.76734214095
15357,Hard Rock,4.8,Bon Jovi: Cross Road - Music on Google Play,1023.0,9.4, Island Def Jam   ,1994.0,4:11,4.7672563685
26648,Pop,4.8,Demi Lovato: Body Say - Music on Google Play,1018.0,1.2, Demi LP2 - Island / Hollywood   ,2016.0,3:13,4.76714851728
8998,Christian/Gospel,4.9,Jonathan McReynolds: Life Music: Stage Two - Music on Google Play,251.0,9.4, Light Records   ,2015.0,3:30,4.76701923998
51795,Vocal/Easy Listening,4.8,2Cellos: 2Cellos - Music on Google Play,1008.0,10.4, Masterworks   ,2011.0,4:02,4.76693066925
12530,Funk,4.8,Prince: Sign 'O' The Times - Music on Google Play,1000.0,13.4, Rhino / Warner Bros.   ,1987.0,5:02,4.76675429949
41779,International Hip-Hop,4.8,Die Antwoord: $o$ - Music on Google Play,994.0,6.9, Cherrytree / Interscope   ,2010.0,4:29,4.76662078262
32726,Rock,4.9,Falling In Reverse: Coming Home (Deluxe Edition) - Music on Google Play,248.0,11.4, Epitaph   ,2017.0,4:54,4.76648589469
31765,Rock,4.9,You Me At Six: Sinners Never Sleep - Music on Google Play,248.0,6.9, Virgin Records   ,2011.0,3:17,4.76648589469
52095,'90s Alternative,4.9,Nirvana: From The Muddy Banks Of The Wishkah - Music on Google Play,248.0,6.9, Geffen   ,1996.0,0:52,4.76648589469
34224,Metal,4.8,BABYMETAL: BabyMetal - Music on Google Play,979.0,9.4, RAL / Sony Music Entertainment   ,2014.0,5:46,4.766282251
49591,Dance/Electronic,4.8,Nicky Romero: Toulouse - Music on Google Play,967.0,0.9, Spinnin' Records   ,2012.0,6:05,4.76600644119
9135,Asia,4.9,Trouble Maker: Chemistry - Music on Google Play,245.0,4.9, Decca International   ,2013.0,3:06,4.765948254
13234,Dance/Electronic,4.9,f(x): The 3rd Album äóÖRed Lightäó» - Music on Google Play,245.0,11.4, SM Entertainment   ,2014.0,3:31,4.765948254
38654,Contemporary R&B,4.8,R. Kelly: 12 Play - Music on Google Play,952.0,9.4, Jive   ,1993.0,4:37,4.76565526806
38967,Alt Metal,4.9,Disturbed: The Studio Album Collection - Music on Google Play,242.0,37.9, Reprise   ,2011.0,3:11,4.76540626581
25117,'10s Pop,4.8,Lana Del Rey: Born To Die - Music on Google Play,921.0,5.9, Interscope   ,2012.0,4:46,4.76490601635
21285,Alternative/Indie,4.8,Linkin Park: Hybrid Theory - Music on Google Play,919.0,11.4, Warner Bros.   ,2000.0,3:04,4.76485655337
3540,Pop,4.8,Meghan Trainor: Better When I'm Dancin' - Music on Google Play,913.0,1.2, Epic   ,2015.0,2:56,4.76470732429
1584,'10s Rock,4.8,Kings Of Leon: Mechanical Bull (Deluxe Version) - Music on Google Play,913.0,11.4, RCA Records Label   ,2013.0,3:50,4.76470732429
1,Alternative/Indie,4.8,Kaleo: Way Down We Go - Music on Google Play,896.0,1.2, Elektra (NEK)   ,2015.0,3:39,4.76427754243
23100,'10s Alternative,4.9,My Chemical Romance: Conventional Weapons: Release 05 (Surrender The Night / Burn Bright) - Music on Google Play,235.0,1.9, Reprise   ,2013.0,3:27,4.76412442072
438,Hip-Hop/Rap,4.8,The Notorious B.I.G.: Life After Death (Remastered Edition) - Music on Google Play,889.0,14.4, Rhino Atlantic   ,1997.0,1:39,4.76409751564
14764,Hard Rock,4.8,Breaking Benjamin: Phobia (Explicit Version) - Music on Google Play,884.0,9.4, Hollywood Records   ,2006.0,1:13,4.76396781014
40880,Pop,4.9,Yu Jae Seok: Dancing King - Music on Google Play,233.0,1.9, SM Entertainment   ,2016.0,4:04,4.76375368244
51046,Alternative/Indie,4.8,Coldplay: Mylo Xyloto - Music on Google Play,866.0,9.4, Parlophone UK   ,2011.0,0:42,4.76349300822
26124,'90s Alternative,4.8,The Smashing Pumpkins: Mellon Collie And The Infinite Sadness - Music on Google Play,861.0,14.4, Virgin Records   ,1995.0,2:52,4.76335888995
20491,Hip-Hop/Rap,4.8,D12: D-12 World - Music on Google Play,855.0,11.4, Shady Records   ,2004.0,4:03,4.7631966415
13955,Rock,4.8,3 Doors Down: The Greatest Hits - Music on Google Play,849.0,5.9, Republic Records   ,2012.0,4:02,4.76303294976
17716,Classic Metal,4.8,Led Zeppelin: Led Zeppelin IV (Remastered) - Music on Google Play,846.0,9.4, Atlantic Records   ,1971.0,4:55,4.76295055663
50708,Christian Rap,4.8,TobyMac: This Is Not A Test (Deluxe Edition) - Music on Google Play,842.0,13.4, Forefront (FRF)   ,2015.0,3:07,4.7628401261
1595,Pop,4.9,Bars and Melody: 143 - Music on Google Play,228.0,11.4, 143 Records   ,2015.0,2:49,4.76281792476
27358,Classic Rock,4.9,Eagles: The Very Best Of Eagles - Music on Google Play,228.0,24.9, Rhino / Elektra   ,2003.0,3:31,4.76281792476
14777,R&B/Soul,4.9,Mary J. Blige: Strength Of A Woman - Music on Google Play,228.0,9.4, Capitol Records (CAP)   ,2017.0,4:58,4.76281792476
35321,Christian/Gospel,4.8,MercyMe: Almost There - Music on Google Play,832.0,9.4, Ino / Epic   ,2002.0,3:07,4.76256114807
10124,Contemporary Country,4.8,Chris Young: I'm Comin' Over - Music on Google Play,830.0,10.4, RCA Records Label Nashville   ,2015.0,2:55,4.76250484904
53890,Vocal/Easy Listening,4.9,Frank Sinatra: Ultimate Sinatra - Music on Google Play,226.0,11.4, UMe   ,2015.0,2:58,4.76244001271
19758,'10s Alternative,4.8,Cage The Elephant: Melophobia - Music on Google Play,821.0,9.4, RCA Records Label   ,2013.0,3:42,4.76224939381
24943,'10s Pop,4.8,Lana Del Rey: Born To Die - Music on Google Play,815.0,11.4, Interscope   ,2012.0,4:46,4.7620771477
49592,Rock,4.9,Radwimps: Human Bloom - Music on Google Play,224.0,9.4, Caroline International   ,2016.0,2:58,4.76206001275
38152,Hip-Hop/Rap,4.8,Ufo361: Ich bin 3 Berliner - Music on Google Play,811.0,10.4, Stay High   ,2017.0,2:38,4.76196144106
3529,Christian/Gospel,4.9,Jessica Reedy: Better - Music on Google Play,223.0,0.9, Central South   ,2014.0,5:41,4.76186922438
55904,Rock,4.9,Kiss: Revenge - Music on Google Play,222.0,5.9, Island Def Jam   ,1992.0,3:42,4.76167790752
53089,Dance/Electronic,4.8,Keys N Krates: Dum Dee Dum - Music on Google Play,800.0,1.2, Dim Mak   ,2013.0,3:12,4.76163957633
1593,Christian/Gospel,4.8,Jamie Grace: Ready To Fly - Music on Google Play,796.0,9.4, Gotee Records   ,2014.0,0:28,4.76152117996
2957,Hip-Hop Hitmakers,4.8,Chris Brown X Tyga: Fan of A Fan The Album - Music on Google Play,789.0,10.4, RCA Records / Young Money Entertainment / Cash Money Records   ,2015.0,3:34,4.76131221818
17703,Classic Rock,4.8,The Rolling Stones: Hot Rocks 1964-1971 - Music on Google Play,784.0,13.4, ABKCO   ,1971.0,3:00,4.76116156482
7274,R&B/Soul,4.9,Amy Winehouse: Back To Black - Music on Google Play,219.0,9.4, Island Records   ,2006.0,3:33,4.76110076388
22319,Pop,4.9,Shawn Mendes: Handwritten (Deluxe) - Music on Google Play,219.0,11.4, Island Records   ,2015.0,3:34,4.76110076388
31300,Contemporary Country,4.8,Luke Bryan: Crash My Party - Music on Google Play,779.0,1.2, Capitol Records Nashville   ,2013.0,3:54,4.76100973356
25587,Dance/Electronic,4.9,MitiS: Born - Music on Google Play,218.0,2.9, INTO THE AM Records   ,2013.0,4:54,4.7609073109
431,Country,4.9,Marty Robbins: Gunfighter Ballads And Trail Songs - Music on Google Play,218.0,9.4, Columbia / Legacy   ,1959.0,3:55,4.7609073109
16027,Hard Rock,4.9,Daughtry: Leave This Town - Music on Google Play,217.0,9.4, RCA Records Label   ,2009.0,3:59,4.76071331831
44443,R&B/Soul,4.8,Chris Brown: Grass Ain't Greener - Music on Google Play,764.0,1.2, RCA Records Label   ,2016.0,3:21,4.76054703262
24477,Contemporary R&B,4.9,Jhení© Aiko: Souled Out - Music on Google Play,216.0,7.9, Def Jam Recordings   ,2014.0,4:19,4.76051878384
57165,Metalcore,4.9,The Devil Wears Prada: With Roots Above And Branches Below - Music on Google Play,215.0,9.4, Ferret Music   ,2009.0,3:15,4.76032370521
22322,Christian/Gospel,5.0,MercyMe: 10 - Music on Google Play,125.0,11.4, Ino / Columbia   ,2009.0,4:09,4.76021031876
4181,Christian/Gospel,4.8,Kirk Franklin: Losing My Religion - Music on Google Play,748.0,9.4, Fo Yo Soul Recordings / RCA Records   ,2015.0,3:20,4.76004122534
24103,Hard Rock,4.8,Three Days Grace: Life Starts Now - Music on Google Play,743.0,10.4, Jive   ,2009.0,4:00,4.75988049013
21284,'00s Alternative,4.9,Red Hot Chili Peppers: By The Way (Deluxe Version) - Music on Google Play,212.0,11.4, Warner Bros.   ,2002.0,3:36,4.7597351815
16035,Pop,4.9,Charlie Puth: Attention - Music on Google Play,212.0,1.2, Artist Partner   ,2017.0,3:31,4.7597351815
52902,Alt Metal,4.8,Seether: Finding Beauty In Negative Spaces - Music on Google Play,736.0,11.4, The Bicycle Music Company   ,2009.0,4:14,4.75965327607
27049,Electropop,4.8,Grimes: Art Angels - Music on Google Play,734.0,10.4, 4AD   ,2015.0,1:47,4.7595878843
9152,Asia,4.9,HyunA: Bubble Pop! (International Version) - Music on Google Play,211.0,5.9, Decca International   ,2011.0,1:26,4.75953790327
57163,Metalcore,4.9,The Devil Wears Prada: Zombie EP - Music on Google Play,211.0,5.9, Ferret Music   ,2010.0,4:45,4.75953790327
51796,Reggae,4.9,Bob Marley & The Wailers: Exodus - Music on Google Play,211.0,8.9, Island Records   ,1977.0,3:27,4.75953790327
4173,Dance/Electronic,4.9,Various Artists: Monstercat 025 - Threshold - Music on Google Play,211.0,9.4, Monstercat   ,2015.0,3:14,4.75953790327
10672,Metalcore,4.8,I Prevail: Lifelines - Music on Google Play,731.0,9.4, Fearless Records   ,2016.0,3:49,4.75948939824
58832,'90s Rock,4.8,U2: Achtung Baby - Music on Google Play,730.0,9.4, Island / Interscope / UMe   ,1991.0,4:36,4.75945646279
12960,Alternative/Indie,4.8,blink-182: Greatest Hits - Music on Google Play,730.0,5.9, Geffen   ,2005.0,3:11,4.75945646279
50709,Soundtracks,4.8,John Williams: Harry Potter And The Sorcerer's Stone: Original Motion Picture Soundtrack - Music on Google Play,724.0,11.4, Atlantic Records   ,2004.0,2:12,4.75925771996
30616,Contemporary R&B,4.9,Snow Tha Product: Half Way There...Pt. 1 - Music on Google Play,208.0,4.9, Atlantic Records   ,2016.0,3:58,4.7589427249
12534,Contemporary R&B,4.8,Mariah Carey: Daydream - Music on Google Play,708.0,9.4, Columbia   ,1995.0,4:03,4.75871808711
27655,Alternative/Indie,4.9,Melanie Martinez: Cry Baby (Deluxe) - Music on Google Play,206.0,11.4, Atlantic Records   ,2015.0,3:59,4.75854312922
34593,'10s Pop,4.8,The Vamps: Meet The Vamps - Music on Google Play,700.0,7.9, Island Records   ,2014.0,3:13,4.75844287436
4993,Country,4.8,Cole Swindell: You Should Be Here - Music on Google Play,699.0,1.2, Warner Bros.   ,2015.0,3:10,4.75840821454
29841,Hip-Hop/Rap,4.8,Hoodie Allen: All American - Music on Google Play,695.0,7.9, Hoodie Allen   ,2012.0,2:45,4.75826899517
34390,Electropop,4.8,Owl City: Ocean Eyes - Music on Google Play,690.0,9.4, Universal Records   ,2009.0,4:02,4.75809365481
31777,Hard Rock,4.8,Daughtry: Daughtry - Music on Google Play,687.0,9.4, RCA Records Label   ,2006.0,3:35,4.75798774156
30947,Country,4.9,Johnny Cash: American V - A Hundred Highways - Music on Google Play,203.0,9.4, American Recordings   ,2006.0,2:51,4.75793947259
20487,'00s Pop,4.8,OneRepublic: Dreaming Out Loud - Music on Google Play,683.0,8.9, Mosley / Interscope   ,2007.0,3:50,4.75784568827
37070,Electropop,4.8,"M83: Hurry Up, We're Dreaming - Music on Google Play",675.0,14.4, Mute   ,2011.0,5:22,4.75755868019
26132,Alternative/Indie,4.9,Tove Lo: Queen Of The Clouds (Blueprint Edition) - Music on Google Play,201.0,11.4, Island Records   ,2014.0,0:06,4.75753416438
36551,Dance/Electronic,4.8,The Chainsmokers: Bouquet - Music on Google Play,673.0,4.9, Disruptor Records / Columbia   ,2015.0,3:45,4.75748631648
2968,Country,4.8,Kane Brown: Kane Brown - Music on Google Play,668.0,9.4, RCA Records Label Nashville   ,2016.0,3:24,4.75730432297
40481,Indie,4.8,WALK THE MOON: Shut Up and Dance - Music on Google Play,664.0,1.2, RCA Records Label   ,2014.0,3:17,4.75715760243
49266,Alternative/Indie,4.9,Imagine Dragons: Levitate (From The Original Motion Picture äóìPassengersäóù) - Music on Google Play,199.0,1.2, KIDinaKORNER / Interscope Records   ,2016.0,3:18,4.75712653681
38658,Christian/Gospel,4.9,Group 1 Crew: Fearless - Music on Google Play,199.0,11.4, Fervent Records / Word   ,2012.0,3:27,4.75712653681
42410,Country,4.8,Alan Jackson: 34 Number Ones - Music on Google Play,658.0,13.4, Arista Nashville   ,2010.0,3:11,4.75693562109
23323,Contemporary R&B,4.8,Kehlani: You Should Be Here - Music on Google Play,654.0,9.4, P,2015.0,2:19,4.75678635115
42388,Pop,4.9,P!nk: F**kin' Perfect (Perfect) - Music on Google Play,197.0,1.2, LaFace Records   ,2010.0,3:33,4.75671656991
56953,Christian/Gospel,4.9,Kim Walker-Smith: Still Believe (Live) - Music on Google Play,197.0,9.4, Jesus Culture   ,2013.0,6:25,4.75671656991
9156,Alternative/Indie,4.9,The Raconteurs: Consolers of the Lonely - Music on Google Play,196.0,10.4, Warner Bros.   ,2008.0,3:25,4.75651070291
20488,'90s Alternative,4.8,Nirvana: Nirvana - Music on Google Play,644.0,5.9, DGC   ,2002.0,3:37,4.75640860946
53976,Classic Rock,4.9,Led Zeppelin: Houses Of The Holy (Deluxe Edition) - Music on Google Play,195.0,13.4, Atlantic Records   ,1973.0,5:29,4.75630424349
52918,Alt Metal,4.9,Type O Negative: Bloody Kisses - Music on Google Play,195.0,9.4, Roadrunner Records   ,1993.0,0:41,4.75630424349
12052,House,4.8,Martin Garrix & Dua Lipa: Scared to Be Lonely - Music on Google Play,640.0,1.2, Epic Amsterdam   ,2017.0,3:40,4.75625565722
11709,House,4.8,Martin Garrix & Dua Lipa: Scared to Be Lonely - Music on Google Play,639.0,1.2, Epic Amsterdam   ,2017.0,3:40,4.7562172513
44038,'00s Rock,4.8,Bon Jovi: Crush - Music on Google Play,633.0,9.4, Island Def Jam   ,2000.0,3:44,4.75598539208
10142,Alt Metal,4.8,Bullet For My Valentine: Fever - Music on Google Play,618.0,10.4, Jive   ,2010.0,4:51,4.7553948562
34401,'00s Alternative,4.8,Muse: Showbiz  - Music on Google Play,616.0,9.4, Warner Bros.   ,1999.0,3:53,4.75531491866
6576,Hard Rock,4.9,Theory Of A Deadman: The Truth Is... (Special Edition) - Music on Google Play,190.0,13.4, Roadrunner Records   ,2011.0,3:25,4.7552629699
25576,Alt Metal,4.8,Five Finger Death Punch: The Wrong Side Of Heaven And The Righteous Side Of Hell (Volume 2) - Music on Google Play,610.0,10.4, PROSPECT PARK (PPK)   ,2013.0,2:59,4.75507337768
19501,Rock,4.9,Thirty Seconds to Mars: LOVE LUST FAITH + DREAMS (Edited Version) (Edited Version) - Music on Google Play,189.0,5.9, Virgin   ,2013.0,2:07,4.75505290164
46058,'10s Pop,4.9,Majid Jordan: A Place Like This - Music on Google Play,187.0,4.9, OVO Sound / Warner Bros.   ,2014.0,4:16,4.75463093046
25566,Christian/Gospel,4.9,Newsboys: Born Again: Miracles Edition - Music on Google Play,187.0,11.4, InPop Records (POP)   ,2011.0,3:10,4.75463093046
24487,Christian/Gospel,4.9,Moriah Peters: Brave - Music on Google Play,187.0,9.4, Reunion Records   ,2014.0,3:48,4.75463093046
13953,Pop,4.8,Rachel Platten: Stand By You - Music on Google Play,596.0,1.2, Columbia   ,2015.0,3:38,4.75449949747
12083,Pop,4.9,Prince: The Hits 1 - Music on Google Play,186.0,11.4, Warner Bros.   ,1993.0,3:48,4.7544190222
5970,Hard Rock,4.8,Theory Of A Deadman: Scars & Souvenirs - Music on Google Play,591.0,9.4, Roadrunner Records   ,2008.0,4:11,4.75429097088
16744,Country,4.9,Luke Combs: This One's for You - EP - Music on Google Play,185.0,6.2, River House Artists / Columbia Nashville   ,2015.0,3:24,4.75420649522
12968,Metalcore,4.8,Killswitch Engage: Disarm The Descent (Special Edition) - Music on Google Play,586.0,11.4, Roadrunner Records   ,2013.0,2:57,4.75408052415
36112,Soundtracks,4.8,Various Artists: Tarzan - Music on Google Play,586.0,9.4, Walt Disney   ,1999.0,3:18,4.75408052415
15776,Neo-Folk,4.8,Mumford & Sons: Sigh No More - Music on Google Play,585.0,9.4, Glassnote   ,2009.0,3:27,4.75403820205
21830,Pop,5.0,Ben E. King: Stand By Me - Music on Google Play,109.0,0.9, JB Production   ,1961.0,2:59,4.75391042566
21286,Soundtracks,5.0,Sia: Angel By The Wings - Music on Google Play,109.0,1.2, Monkey Puzzle Records Inc.   ,2016.0,5:19,4.75391042566
3521,Neo-Soul,4.8,Chrisette Michele: Better (Deluxe Edition) - Music on Google Play,581.0,11.4, Def Jam Records   ,2013.0,2:42,4.75386813065
15363,Rock,4.8,Disturbed: The Lost Children - Music on Google Play,580.0,12.4, Reprise   ,2011.0,4:15,4.75382541595
55905,Country,4.8,Gary Allan: Set You Free - Music on Google Play,579.0,9.4, MCA Nashville   ,2013.0,3:14,4.75378262208
56596,Alternative/Indie,4.9,Lorde: Melodrama - Music on Google Play,183.0,10.4, Lava Music / Republic Records   ,2017.0,3:54,4.75377957427
426,Hip-Hop/Rap,4.8,The Notorious B.I.G.: Ready To Die The Remaster - Music on Google Play,577.0,12.4, Bad Boy Records   ,2015.0,3:23,4.75369679594
46859,Contemporary R&B,4.8,Chris Brown: X (Deluxe Version) - Music on Google Play,574.0,14.4, RCA Records Label   ,2014.0,4:20,4.75356745738
46437,Asia,5.0,"V & Jin: HWARANG, Pt. 2 (Music from the Original TV Series) - Music on Google Play",108.0,1.9, OH!BOY PROJECT   ,2016.0,3:50,4.75350567307
11246,Hip-Hop/Rap,4.8,Speaker Knockerz: Lonely - Music on Google Play,572.0,1.9,,,3:06,4.7534808295
5996,Pop,4.9,Shawn Mendes: Illuminate - Music on Google Play,181.0,10.4, Island Records   ,2017.0,3:19,4.75335014571
40101,Rock,4.9,Various Artists: Transformers - Music on Google Play,179.0,9.4, Volcano   ,1986.0,3:55,4.75291818738
49121,Dance/Electronic,4.9,Deorro: Yee - Music on Google Play,179.0,1.2, Revealed Recordings   ,2013.0,3:30,4.75291818738
6569,Hard Rock,4.8,Five Finger Death Punch: War Is The Answer - Music on Google Play,559.0,10.4, Unknown   ,2009.0,2:54,4.75290977264
33336,Neo-Soul,4.8,Maxwell: BLACKsummers'night - Music on Google Play,557.0,9.4, Columbia   ,2009.0,5:52,4.75282067098
55386,Pop,4.8,Shawn Mendes: Mercy (Acoustic Guitar) - Music on Google Play,554.0,1.2, Island Records   ,2016.0,3:41,4.75268638447
58351,Rock en Espaí±ol,4.8,Leí_n Larregui: Voluma - Music on Google Play,552.0,9.4, Int'l Latin America   ,2016.0,2:57,4.75259643463
25560,'00s Alternative,4.9,Muse: Origin Of Symmetry - Music on Google Play,177.0,9.4, Warner Bros.   ,2001.0,6:03,4.75248367685
37875,Singer-Songwriter,4.8,Ben Howard: Every Kingdom - Music on Google Play,544.0,7.9, Universal Records   ,2011.0,5:28,4.75223318892
19772,Alternative/Indie,4.8,Gorillaz: Gorillaz - Music on Google Play,540.0,9.4, Parlophone UK   ,2001.0,3:40,4.75204947041
31302,Country,4.8,Thomas Rhett: Crash and Burn - Music on Google Play,539.0,1.2," The Valory Music Co., LLC   ",2015.0,3:12,4.75200331976
46440,Thrash,4.8,Bullet For My Valentine: Venom - Music on Google Play,533.0,9.4, RCA Records Label   ,2015.0,1:26,4.75172453943
55001,Metalcore,4.9,Volumes: No Sleep - Music on Google Play,173.0,9.4, ,2014.0,3:35,4.75160690821
11731,Dance/Electronic,5.0,Cashmere Cat: Adore - Music on Google Play,103.0,1.2, Friends Keep Secrets / Interscope Records   ,2015.0,3:36,4.75146177318
34061,Contemporary R&B,4.8,R. Kelly: Chocolate Factory - Music on Google Play,524.0,9.4, Jive   ,2003.0,3:50,4.75130024339
3525,Christian/Gospel,4.9,Kirk Franklin: Hero - Music on Google Play,171.0,9.4, Gospocentric   ,2005.0,0:45,4.75116460392
7838,Funk,4.8,Prince: Controversy - Music on Google Play,519.0,9.4, Rhino / Warner Bros.   ,1981.0,7:15,4.75106128482
2088,Christian/Gospel,4.8,Kari Jobe: Kari Jobe - Music on Google Play,516.0,9.4, Integrity Music   ,2009.0,3:48,4.75091678074
19750,'00s Alternative,4.8,"Foo Fighters: Echoes, Silence, Patience & Grace - Music on Google Play",506.0,9.4, RCA Records Label   ,2007.0,4:29,4.75042887597
32159,Contemporary R&B,4.9,The Weeknd: House Of Balloons - Music on Google Play,166.0,9.4, Universal Republic Records   ,2011.0,4:07,4.75004722106
57730,Soundtracks,4.9,Rob Thomas: Little Wonders - Music on Google Play,165.0,1.2, Walt Disney   ,2007.0,3:44,4.74982172816
30133,Comedy/SpokenWord/Other,5.0,Ninja Sex Party: Cool Patrol - Music on Google Play,99.0,0.9, Ninja Sex Party   ,2016.0,3:16,4.74980208552
1353,R&B/Soul,4.9,Brandy: Beggin & Pleadin - Music on Google Play,164.0,0.9, Slayana Records   ,2016.0,2:47,4.74959555607
44426,Singer-Songwriter,4.8,Hozier: From Eden EP - Music on Google Play,489.0,5.1, Columbia   ,2014.0,3:42,4.74957679396
38134,'90s Pop,4.8,Prince & The New Power Generation: Diamonds And Pearls - Music on Google Play,486.0,9.4, Warner Bros.   ,1991.0,5:45,4.7494233765
27359,Classic Rock,4.9,Eagles: Greatest Hits Volume 2 - Music on Google Play,163.0,9.4, Rhino / Elektra   ,1982.0,6:31,4.7493687017
38151,Christian/Gospel,4.9,Hawk Nelson: Diamonds - Music on Google Play,163.0,9.4, Fair Trade / Columbia   ,2015.0,3:01,4.7493687017
8398,Country,4.8,George Strait: 50 Number Ones - Music on Google Play,482.0,25.9, MCA Nashville   ,2004.0,3:54,4.74921736174
28566,Rock,4.8,Aerosmith: Big Ones - Music on Google Play,480.0,5.9, Geffen   ,1994.0,4:55,4.7491137237
3531,Singer-Songwriter,4.8,Jack Johnson: In Between Dreams - Music on Google Play,477.0,8.9, Jack Johnson   ,2005.0,3:27,4.74895747106
29842,Hip-Hop/Rap,4.9,Kid Ink: Cool Back - Music on Google Play,160.0,1.2, Tha Alumni Music Group / 88 Classic / RCA Records   ,2014.0,3:02,4.74868401398
5976,'10s Pop,4.8,Niykee Heaton: Bad Intentions - Music on Google Play,470.0,4.7," Awesomeness Music, LLC (Nikyee Heaton)   ",2014.0,3:47,4.74858912292
29321,Rock,4.9,Fireflight: Now - Music on Google Play,159.0,9.4, Flicker Records   ,2012.0,3:27,4.74845439944
58825,'90s Rock,4.9,U2: Achtung Baby - Music on Google Play,159.0,14.4, U2 /Island Catalog   ,1991.0,4:36,4.74845439944
9153,R&B/Soul,4.8,The Weeknd: Starboy - Music on Google Play,466.0,13.4, Universal Republic Records   ,2016.0,3:50,4.74837624144
23318,Alt Metal,4.8,Breaking Benjamin: We Are Not Alone - Music on Google Play,465.0,9.4, Hollywood Records   ,2004.0,4:33,4.74832274531
47221,Soundtracks,4.8,Various Artists: Me Before You (Original Motion Picture Soundtrack) - Music on Google Play,465.0,9.4, Interscope Records   ,2016.0,4:05,4.74832274531
11261,Contemporary R&B,4.8,Janet Jackson: Janet Jackson's Rhythm Nation 1814 - Music on Google Play,464.0,7.9, A&M   ,1989.0,0:47,4.7482691382
53867,Asia,4.9,Block B: Blooming Period - Music on Google Play,158.0,4.9," Ò‹ŸÔŸêÒ†ìÒ_ëÒ__, CJ E&M MUSIC   ",2016.0,3:47,4.74822408697
31311,Dance/Electronic,4.9,Adventure Club: Calling All Heroes - EP - Music on Google Play,157.0,4.9, BMG Rights Management   ,2013.0,4:17,4.74799307341
32717,Classic Metal,4.8,Ozzy Osbourne: No More Tears - Music on Google Play,454.0,9.4, Epic   ,1991.0,5:56,4.74772688598
25564,Pop,4.8,Lady GaGa: Born This Way  - Music on Google Play,453.0,1.2, Interscope   ,2011.0,4:20,4.74767203487
56587,Soundtracks,4.8,Jesper Kyd & Lorne Bafle: Assassin's Creed Revelations (The Complete Recordings) [Original Game Soundtrack] - Music on Google Play,452.0,14.4, Ubisoft Music   ,2011.0,4:43,4.74761706852
5989,'00s Pop,4.8,Lady Gaga: The Fame Monster (Deluxe) - Music on Google Play,452.0,14.4, Interscope   ,2009.0,4:54,4.74761706852
24474,Contemporary R&B,4.9,Jhení© Aiko: Souled Out (Deluxe) - Music on Google Play,155.0,9.4, Def Jam Recordings   ,2014.0,4:19,4.74752893012
21297,Christian/Gospel,4.9,Tenth Avenue North: Over And Underneath - Music on Google Play,155.0,9.4, Reunion Records   ,2008.0,4:03,4.74752893012
20498,Country,4.8,Kenny Chesney: Welcome To The Fishbowl - Music on Google Play,449.0,11.4," Blue Chair Records, LLC / Columbia Nashville   ",2012.0,4:08,4.74745147442
19762,'90s Alternative,4.8,Nirvana: Nevermind (Deluxe Edition) - Music on Google Play,445.0,17.9, GEFFEN   ,1991.0,5:01,4.7472290468
22315,Rock,4.8,Bring Me The Horizon: Throne - Music on Google Play,437.0,1.2, RCA Records Label   ,2015.0,3:11,4.74677849437
29839,Contemporary R&B,4.9,New Edition: New Edition - Music on Google Play,150.0,5.9, Geffen   ,1984.0,5:47,4.74635607573
17344,Dance/Electronic,4.8,Zedd & Alessia Cara: Stay - Music on Google Play,429.0,1.2, Interscope Records   ,2017.0,3:30,4.74632018216
34604,Contemporary R&B,4.8,R. Kelly: R. - Music on Google Play,429.0,14.4, Jive   ,1998.0,4:59,4.74632018216
49263,Dance/Electronic,4.8,Dimitri Vegas & Like Mike: The Hum - Music on Google Play,426.0,2.5, Smash The House (Armada)   ,2015.0,3:31,4.74614627346
33784,Metal,4.9,Static-X: Machine - Music on Google Play,149.0,9.4, Warner Bros.   ,2001.0,0:21,4.74611933625
18940,Pop,4.8,Julia Michaels: Issues - Music on Google Play,425.0,1.2, J / Republic   ,2017.0,2:56,4.74608805322
17347,Pop,4.8,Julia Michaels: Issues - Music on Google Play,424.0,1.2, J / Republic   ,2017.0,2:56,4.74602970696
54789,Adult Contemporary,4.8,Billy Joel: Greatest Hits Volume I & Volume II - Music on Google Play,421.0,18.9, Columbia   ,1985.0,5:37,4.74585390796
11258,Hip-Hop/Rap,4.9,Z-Ro: Crack - Music on Google Play,147.0,9.4, Rap-A-Lot Records   ,2008.0,2:58,4.74564366187
32169,Reggae,4.9,Stick Figure: Burial Ground - Music on Google Play,147.0,9.4, Ruffwood Records   ,2012.0,4:52,4.74564366187
41197,Pop,4.9,Before You Exit: Dangerous - Music on Google Play,146.0,0.9, AMG   ,2014.0,3:07,4.74540472017
55136,Pop,4.9,Articolo 31: Greatest Hits - Music on Google Play,146.0,9.4, Best Sound   ,2000.0,4:35,4.74540472017
11718,Hip-Hop/Rap,4.8,Speaker Knockerz: Married to the Money II #Mttm2 - Music on Google Play,411.0,9.4, Talibandz Entertainment   ,2014.0,2:58,4.7452595491
18322,Rock,4.8,The Rolling Stones: Aftermath  (Remastered) - Music on Google Play,409.0,9.4, ABKCO   ,1966.0,3:22,4.74513910806
53086,Pop,4.8,*NSYNC: Greatest Hits - Music on Google Play,407.0,9.4, Jive   ,2005.0,3:19,4.74501813586
40087,Alternative/Indie,4.9,Gorillaz: The Singles Collection 2001-2011 - Music on Google Play,144.0,9.4, Parlophone UK   ,2011.0,3:13,4.7449246106
20489,Rock,4.8,Styx: Greatest Hits - Music on Google Play,404.0,8.9, A&M   ,1995.0,3:05,4.74483567392
52923,Alt Metal,4.8,Slipknot: .5: The Gray Chapter - Music on Google Play,400.0,10.4, Roadrunner Records   ,2014.0,3:10,4.74459049914
24085,Alt Metal,4.9,Breaking Benjamin feat. Valora: Blow Me Away - Music on Google Play,142.0,1.2, Hollywood Records   ,2011.0,3:25,4.7444415097
9144,Emo/Hardcore,4.9,We Are The In Crowd: Weird Kids - Music on Google Play,142.0,9.4, Hopeless Records   ,2014.0,4:11,4.7444415097
16028,Punk,4.8,blink-182: Neighborhoods (Deluxe) - Music on Google Play,394.0,11.4, DGC / Interscope   ,2011.0,4:17,4.7442186233
11234,Adult Contemporary,4.9,Rob Thomas: ...Something to Be - Music on Google Play,141.0,9.4, Melisma / Atlantic Records   ,2005.0,3:50,4.74419882875
1365,Musicals,4.9,Jersey Boys: Jersey Boys (Original Broadway Cast Recording) - Music on Google Play,140.0,13.4, Rhino   ,2005.0,1:16,4.74395538942
46462,Christian/Gospel,4.9,Michael W. Smith: Decades Of Worship - Music on Google Play,140.0,9.4, Reunion Records   ,2012.0,3:17,4.74395538942
49271,Dance/Electronic,4.8,Porter Robinson: Language - Music on Google Play,389.0,1.2, Big Beat Records / Atlantic   ,2012.0,6:08,4.74390489227
58839,Hip-Hop/Rap,4.8,Ol' Dirty Bastard: Return To The 36 Chambers: The Dirty Version - Music on Google Play,388.0,11.4, Rhino / Elektra   ,1995.0,4:47,4.7438417221
26649,Hip-Hop/Rap,5.0,MINO: The MOBB - Music on Google Play,85.0,1.2, YG Entertainment   ,2016.0,3:19,4.74381444312
2080,Hard Rock,4.8,Creed: Human Clay - Music on Google Play,386.0,11.4, The Bicycle Music Company   ,1999.0,4:45,4.74371495398
56726,Jungle/Drum&Bass,4.8,Chase & Status: No More Idols - Music on Google Play,384.0,5.9, Universal Records   ,2011.0,4:10,4.74358761225
18867,Asia,4.9,AOA: AOA 1st Album ANGEL'S KNOCK - Music on Google Play,138.0,9.4,,,3:44,4.74346622136
51047,R&B/Soul,4.9,MAJOR.: Why I Love You - Music on Google Play,138.0,1.2, BOE Music Group   ,2016.0,3:55,4.74346622136
32724,R&B/Soul,4.8,Leon Bridges: Coming Home - Music on Google Play,382.0,9.4, Columbia   ,2015.0,3:26,4.743459693
34587,Rock,4.8,Pentatonix: PTX Vol. IV - Classics - Music on Google Play,381.0,5.9, RCA Records Label   ,2017.0,5:55,4.74339551558
44937,R&B/Soul,4.8,Bryson Tiller: Don't - Music on Google Play,380.0,1.2, TrapSoul   ,2014.0,3:20,4.7433311923
25137,Christian/Gospel,4.9,Third Day: Revelation - Music on Google Play,137.0,9.4, Essential Records   ,2008.0,2:29,4.74322048544
57565,Punk,4.8,Good Charlotte: The Young And The Hopeless - Music on Google Play,371.0,9.4, Epic / Daylight   ,2002.0,1:48,4.74274563631
40473,Country,4.8,Brad Paisley: Hits Alive - Music on Google Play,367.0,11.4, Arista Nashville   ,2010.0,3:26,4.742481487
12087,'90s Alternative,4.8,Smashing Pumpkins: Rotten Apples: Greatest Hits - Music on Google Play,364.0,5.9, Virgin Records   ,2001.0,4:21,4.74228176994
16043,Country,4.9,Darius Rucker: If I Told You - Music on Google Play,133.0,0.6, Capitol Records Nashville   ,2016.0,3:34,4.74222977761
9147,Reggae,4.9,Rebelution: Courage To Grow - Music on Google Play,132.0,9.9,,,4:16,4.74198014118
21273,'90s Alternative,4.8,Stone Temple Pilots: Purple - Music on Google Play,356.0,9.4, Atlantic Records   ,1994.0,3:37,4.74174234723
434,Hip-Hop/Rap,4.8,Big Sean: Guap - Music on Google Play,355.0,1.2, Def Jam Records   ,2012.0,4:31,4.74167420962
51041,Dance/Electronic,4.8,Major Lazer: Peace Is The Mission (Extended) - Music on Google Play,355.0,9.4, Mad Decent   ,2015.0,3:53,4.74167420962
6574,Country,4.8,Brantley Gilbert: The Devil Don't Sleep (Deluxe) - Music on Google Play,353.0,12.4," The Valory Music Co., LLC   ",2017.0,4:08,4.74153745513
17699,Metal,4.8,Black Sabbath: Heaven And Hell - Music on Google Play,353.0,7.9, Rhino / Warner Bros.   ,1980.0,3:53,4.74153745513
21817,Adult Contemporary,4.8,Sade: Lovers Rock - Music on Google Play,353.0,9.4, Epic   ,2000.0,4:34,4.74153745513
7273,Classic Rock,4.9,Stevie Nicks: Timespace: The Best Of Stevie Nicks - Music on Google Play,130.0,10.4, Rhino Atlantic   ,1991.0,4:38,4.74147849084
30618,New Wave/Post-Punk,4.8,The Cure: Greatest Hits - Music on Google Play,351.0,12.4, Elektra Records   ,2001.0,2:37,4.74140005785
45573,Pop,5.0,SUPER JUNIOR: SUPER SHOW 6 - SUPER JUNIOR The 6th WORLD TOUR - Music on Google Play,79.0,11.4, SM Entertainment   ,2015.0,1:41,4.74115967051
